admin,Aceite a Vela,1000,200
admin,Aceite a Vela,1000,200
admin,Aceite a Jabon,1000,200
admin,Aceite a Vela,1000,200
admin,Aceite a Vela,1000,200
admin,Aceite a Vela,1000,200
admin,Aceite a Vela,1000,200
admin,Aceite a Vela,1000,200
admin,Vela a Aceite,1000,200
admin,Vela a Aceite,1000,200
admin,Aceite a Vela,1000,200
admin,Aceite a Vela,1000,200
admin,Aceite a Vela,10 velas
admin,Aceite a Vela,555550 velas
admin,Aceite a Vela,10 velas
admin,Aceite a Vela,10000 velas
sofia,Jabón a Aceite,6000 mililitros de aceite
